Aberdeen City,Scotland
Aberdeenshire,Scotland
Adur,South East England
Allerdale,North West England
Amber Valley,East Midlands
Angus,Scotland
Antrim and Newtownabbey,Northern Ireland
Ards and North Down,Northern Ireland
Argyll and Bute,Scotland
"Armagh City, Banbridge and Craigavon",Northern Ireland
Arun,South East England
Ashfield,East Midlands
Ashford,South East England
Babergh,East of England
Barking and Dagenham,London
Barnet,London
Barnsley,Yorkshire and the Humber
Barrow-in-Furness,North West England
Basildon,East of England
Basingstoke and Deane,South East England
Bassetlaw,East Midlands
Bath and North East Somerset,South West England
Bedford,East of England
Belfast,Northern Ireland
Bexley,London
Birmingham,West Midlands
Blaby,East Midlands
Blackburn with Darwen,North West England
Blackpool,North West England
Blaenau Gwent,Wales
Bolsover,East Midlands
Bolton,North West England
Boston,East Midlands
"Bournemouth, Christchurch and",South West England
Bracknell Forest,South East England
Bradford,Yorkshire and the Humber
Braintree,East of England
Breckland,East of England
Brent,London
Brentwood,East of England
Bridgend,Wales
Brighton and Hove,South East England
"Bristol, City of",South West England
Broadland,East of England
Bromley,London
Bromsgrove,West Midlands
Broxbourne,East of England
Broxtowe,East Midlands
Buckinghamshire,South East England
Burnley,North West England
Bury,North West England
Caerphilly,Wales
Calderdale,Yorkshire and the Humber
Cambridge,East of England
Cambridgeshire,East of England
Camden,London
Cannock Chase,West Midlands
Canterbury,South East England
Cardiff,Wales
Carlisle,North West England
Carmarthenshire,Wales
Castle Point,East of England
Causeway Coast and Glens,Northern Ireland
Central Bedfordshire,East of England
Ceredigion,Wales
Charnwood,East Midlands
Chelmsford,East of England
Cheltenham,South West England
Cherwell,South East England
Cheshire East,North West England
Cheshire West and Chester,North West England
Chesterfield,East Midlands
Chichester,South East England
Chorley,North West England
City of Edinburgh,Scotland
City of London,London
Clackmannanshire,Scotland
Colchester,East of England
Conwy,Wales
Copeland,North West England
Cornwall,South West England
Cotswold,South West England
County Durham,North East England
Coventry,West Midlands
Craven,Yorkshire and the Humber
Crawley,South East England
Croydon,London
Cumbria,North West England
Dacorum,East of England
Darlington,North East England
Dartford,South East England
Denbighshire,Wales
Derby,East Midlands
Derbyshire,East Midlands
Derbyshire Dales,East Midlands
Derry City and Strabane,Northern Ireland
Devon,South West England
Doncaster,Yorkshire and the Humber
Dorset,South West England
Dover,South East England
Dudley,West Midlands
Dumfries and Galloway,Scotland
Dundee City,Scotland
Ealing,London
EAST,London
East Ayrshire,Scotland
East Cambridgeshire,East of England
East Devon,South West England
East Dunbartonshire,Scotland
East Hampshire,South East England
East Hertfordshire,East of England
East Lindsey,East Midlands
East Lothian,Scotland
EAST MIDLANDS,Scotland
East Renfrewshire,Scotland
East Riding of Yorkshire,Yorkshire and the Humber
East Staffordshire,West Midlands
East Suffolk,West Midlands
East Sussex,South East England
Eastbourne,South East England
Eastleigh,South East England
Eden,North West England
Elmbridge,South East England
Enfield,London
ENGLAND,London
ENGLAND AND WALES,London
Epping Forest,East of England
Epsom and Ewell,South East England
Erewash,East Midlands
Essex,East of England
Exeter,South West England
Falkirk,Scotland
Fareham,South East England
Fenland,East of England
Fermanagh and Omagh,Northern Ireland
Fife,Scotland
Flintshire,Wales
Folkestone and Hythe,Wales
Forest of Dean,South West England
Fylde,North West England
Gateshead,North East England
Gedling,East Midlands
Glasgow City,Scotland
Gloucester,South West England
Gloucestershire,South West England
Gosport,South East England
Gravesham,South East England
GREAT BRITAIN,South East England
Great Yarmouth,East of England
Greater Manchester (Met County),North West England
Greenwich,London
Guildford,South East England
Gwynedd,Wales
Hackney,London
Halton,North West England
Hambleton,Yorkshire and the Humber
Hammersmith and Fulham,London
Hampshire,South East England
Harborough,East Midlands
Haringey,London
Harlow,East of England
Harrogate,Yorkshire and the Humber
Harrow,London
Hart,South East England
Hartlepool,North East England
Hastings,South East England
Havant,South East England
Havering,London
"Herefordshire, County of",West Midlands
Hertfordshire,East of England
Hertsmere,East of England
Highland,Scotland
Hillingdon,London
Hinckley and Bosworth,East Midlands
Horsham,South East England
Hounslow,London
Huntingdonshire,East of England
Hyndburn,North West England
Inverclyde,Scotland
Ipswich,East of England
Isle of Anglesey,Wales
Isle of Wight,South East England
Isles of Scilly,South West England
Islington,London
Kensington and Chelsea,London
Kent,South East England
King's Lynn and West Norfolk,East of England
"Kingston upon Hull, City of",Yorkshire and the Humber
Kingston upon Thames,London
Kirklees,Yorkshire and the Humber
Knowsley,North West England
Lambeth,London
Lancashire,North West England
Lancaster,North West England
Leeds,Yorkshire and the Humber
Leicester,East Midlands
Leicestershire,East Midlands
Lewes,South East England
Lewisham,London
Lichfield,West Midlands
Lincoln,East Midlands
Lincolnshire,Yorkshire and the Humber
Lisburn and Castlereagh,Northern Ireland
Liverpool,North West England
LONDON,Wales
Luton,East of England
Maidstone,South East England
Maldon,East of England
Malvern Hills,West Midlands
Manchester,North West England
Mansfield,East Midlands
Medway,South East England
Melton,East Midlands
Mendip,South West England
Merseyside (Met County),North West England
Merthyr Tydfil,Wales
Merton,London
Mid and East Antrim,London
Mid Devon,South West England
Mid Suffolk,East of England
Mid Sussex,South East England
Mid Ulster,South East England
Middlesbrough,North East England
Midlothian,Scotland
Milton Keynes,South East England
Mole Valley,South East England
Monmouthshire,Wales
Moray,Scotland
Na h-Eileanan Siar,Northern Ireland
Neath Port Talbot,Wales
New Forest,South East England
Newark and Sherwood,East Midlands
Newcastle upon Tyne,North East England
Newcastle-under-Lyme,West Midlands
Newham,London
Newport,Wales
"Newry, Mourne and Down",Northern Ireland
Norfolk,East of England
North Ayrshire,Scotland
North Devon,South West England
NORTH EAST,Northern Ireland
North East Derbyshire,East Midlands
North East Lincolnshire,Yorkshire and the Humber
North Hertfordshire,East of England
North Kesteven,East Midlands
North Lanarkshire,Scotland
North Lincolnshire,Yorkshire and the Humber
North Norfolk,East of England
North Northamptonshire,East of England
North Somerset,South West England
North Tyneside,North East England
North Warwickshire,West Midlands
NORTH WEST,West Midlands
North West Leicestershire,East Midlands
North Yorkshire,Yorkshire and the Humber
NORTHERN IRELAND,East Midlands
Northumberland,North East England
Norwich,East of England
Nottingham,East Midlands
Nottinghamshire,East Midlands
Nuneaton and Bedworth,West Midlands
Oadby and Wigston,East Midlands
Oldham,North West England
Orkney Islands,Scotland
Oxford,South East England
Oxfordshire,South East England
Pembrokeshire,Wales
Pendle,North West England
Perth and Kinross,Scotland
Peterborough,East of England
Plymouth,South West England
Poole  High Peak,South West England
Portsmouth,South East England
Powys,Wales
Preston,North West England
Reading,South East England
Redbridge,London
Redcar and Cleveland,North East England
Redditch,West Midlands
Reigate and Banstead,South East England
Renfrewshire,Scotland
Rhondda Cynon Taf,Scotland
Ribble Valley,North West England
Richmond upon Thames,London
Richmondshire,Yorkshire and the Humber
Rochdale,North West England
Rochford,East of England
Rossendale,North West England
Rother,South East England
Rotherham,Yorkshire and the Humber
Rugby,West Midlands
Runnymede,South East England
Rushcliffe,East Midlands
Rushmoor,South East England
Rutland,East Midlands
Ryedale,Yorkshire and the Humber
Salford,North West England
Sandwell,West Midlands
Scarborough,Yorkshire and the Humber
SCOTLAND,Yorkshire and the Humber
Scottish Borders,Yorkshire and the Humber
Sedgemoor,South West England
Sefton,North West England
Selby,Yorkshire and the Humber
Sevenoaks,South East England
Sheffield,Yorkshire and the Humber
Shetland Islands,Scotland
Shropshire,West Midlands
Slough,South East England
Solihull,West Midlands
Somerset,South West England
Somerset West and Taunton,South West England
South Ayrshire,Scotland
South Cambridgeshire,East of England
South Derbyshire,East Midlands
SOUTH EAST,East Midlands
South Gloucestershire,South West England
South Hams,South West England
South Holland,East Midlands
South Kesteven,East Midlands
South Lakeland,North West England
South Lanarkshire,Scotland
South Norfolk,East of England
South Oxfordshire,South East England
South Ribble,North West England
South Somerset,South West England
South Staffordshire,West Midlands
South Tyneside,North East England
SOUTH WEST,Northern Ireland
South Yorkshire (Met County),Yorkshire and the Humber
Southampton,South East England
Southend-on-Sea,East of England
Southwark,London
Spelthorne,South East England
St Albans,East of England
St. Helens,North West England
Stafford,West Midlands
Staffordshire,West Midlands
Staffordshire Moorlands,West Midlands
Stevenage,East of England
Stirling,Scotland
Stockport,North West England
Stockton-on-Tees,North East England
Stoke-on-Trent,West Midlands
Stratford-on-Avon,West Midlands
Stroud,South West England
Suffolk,East of England
Sunderland,North East England
Surrey,South East England
Surrey Heath,South East England
Sutton,London
Swale,South East England
Swansea,Wales
Swindon,South West England
Tameside,North West England
Tamworth,West Midlands
Tandridge,South East England
Teignbridge,South West England
Telford and Wrekin,West Midlands
Tendring,East of England
Test Valley,South East England
Tewkesbury,South West England
Thanet,South East England
Three Rivers,East of England
Thurrock,East of England
Tonbridge and Malling,South East England
Torbay,South West England
Torfaen,Wales
Torridge,South West England
Tower Hamlets,London
Trafford,North West England
Tunbridge Wells,South East England
Tyne and Wear (Met County),North East England
UNITED KINGDOM,North East England
Uttlesford,East of England
Vale of Glamorgan,East of England
Vale of White Horse,South East England
Wakefield,Yorkshire and the Humber
WALES,Yorkshire and the Humber
Walsall,West Midlands
Waltham Forest,London
Wandsworth,London
Warrington,North West England
Warwick,West Midlands
Warwickshire,West Midlands
Watford,East of England
Waverley,South East England
Wealden,South East England
Welwyn Hatfield,East of England
West Berkshire,South East England
West Devon,South West England
West Dunbartonshire,Scotland
West Lancashire,North West England
West Lindsey,East Midlands
West Lothian,Scotland
WEST MIDLANDS,West Midlands
West Midlands (Met County),West Midlands
West Northamptonshire,West Midlands
West Oxfordshire,South East England
West Suffolk,South West England
West Sussex,South East England
West Yorkshire (Met County),Yorkshire and the Humber
Westminster,London
Wigan,North West England
Wiltshire,South West England
Winchester,South East England
Windsor and Maidenhead,South East England
Wirral,North West England
Woking,South East England
Wokingham,South East England
Wolverhampton,West Midlands
Worcester,West Midlands
Worcestershire,West Midlands
Worthing,South East England
Wrexham,Wales
Wychavon,West Midlands
Wyre,North West England
Wyre Forest,West Midlands
York,Yorkshire and the Humber
YORKSHIRE AND THE HUMBER,Yorkshire and the Humber